order_id,customer_id,product_id,order_date,order_time
1,CG-12520,69,7/3/2022,Night
2,DV-13045,85,8/23/2022,Afternoon
3,SO-20335,82,11/20/2022,Afternoon
4,BH-11710,5,2/3/2023,Night
5,AA-10480,64,10/2/2022,Evening
6,IM-15070,127,11/14/2022,Evening
7,HP-14815,93,5/3/2022,Evening
8,PK-19075,136,12/22/2022,Night
9,AG-10270,120,6/10/2022,Morning
10,ZD-21925,70,9/16/2022,Afternoon
11,KB-16585,16,11/16/2022,Afternoon
12,SF-20065,84,7/12/2022,Night
13,EB-13870,39,12/22/2022,Afternoon
14,EH-13945,21,11/25/2022,Morning
15,TB-21520,55,2/3/2023,Evening
16,MA-17560,95,4/14/2022,Midnight
17,GH-14485,149,10/16/2022,Morning
18,SN-20710,74,11/5/2022,Night
19,LC-16930,106,8/22/2022,Night
20,RA-19885,35,9/15/2022,Night
21,ES-14080,100,12/21/2022,Evening
22,ON-18715,84,10/4/2022,Evening
23,PO-18865,108,5/26/2022,Midnight
24,LH-16900,39,2/11/2023,Afternoon
25,DP-13000,89,8/31/2022,Evening
26,JM-15265,112,8/18/2022,Afternoon
27,TB-21055,100,10/12/2022,Afternoon
28,KM-16720,80,1/6/2023,Afternoon
29,PS-18970,80,2/10/2023,Afternoon
30,BS-11590,99,1/28/2023,Night
31,KD-16270,122,9/14/2022,Evening
32,HM-14980,73,5/6/2022,Morning
33,JE-15745,72,2/5/2023,Night
34,KB-16600,134,2/4/2023,Evening
35,SC-20770,136,5/22/2022,Morning
36,DN-13690,46,7/2/2022,Afternoon
37,JC-16105,69,1/5/2023,Night
38,CS-12400,103,3/8/2023,Night
39,PG-18895,86,5/14/2022,Evening
40,GM-14455,48,2/5/2023,Night
41,JS-15685,30,11/13/2022,Afternoon
42,KB-16315,8,5/9/2022,Night
43,RB-19705,91,5/26/2022,Night
44,PN-18775,34,8/28/2022,Evening
45,KD-16345,127,8/15/2022,Afternoon
46,ER-13855,42,5/7/2022,Evening
47,RB-19465,70,7/10/2022,Morning
48,GZ-14470,146,2/23/2023,Afternoon
49,LC-16870,76,11/6/2022,Morning
50,JM-15250,76,11/2/2022,Midnight
51,PA-19060,101,5/16/2022,Morning
52,CV-12805,141,3/16/2023,Midnight
53,CL-12565,112,7/26/2022,Afternoon
54,RC-19960,12,12/28/2022,Morning
55,DK-13090,14,5/7/2022,Night
56,GG-14650,135,11/23/2022,Midnight
57,SC-20725,137,8/4/2022,Morning
58,AD-10180,126,2/3/2023,Morning
59,PF-19165,81,7/1/2022,Morning
60,TS-21610,104,6/11/2022,Night
61,LS-16975,64,12/25/2022,Afternoon
62,DW-13585,121,10/17/2022,Afternoon
63,LC-16885,145,12/1/2022,Morning
64,JD-15895,130,12/9/2022,Morning
65,SH-19975,116,7/25/2022,Morning
66,SG-20080,68,4/5/2022,Morning
67,HA-14920,113,5/15/2022,Midnight
68,MG-17680,95,12/17/2022,Night
69,JE-16165,133,1/10/2023,Midnight
70,TW-21025,15,5/9/2022,Morning
71,SP-20650,95,12/5/2022,Night
72,NK-18490,106,3/9/2023,Afternoon
73,DB-13060,19,7/29/2022,Midnight
74,NP-18670,102,8/15/2022,Evening
75,TT-21070,78,2/2/2023,Afternoon
76,EM-13960,84,8/17/2022,Morning
77,RD-19900,136,2/4/2023,Midnight
78,MJ-17740,67,10/1/2022,Evening
79,BM-11140,64,11/5/2022,Night
80,CS-12130,50,5/24/2022,Evening
81,JB-15400,129,11/19/2022,Night
82,SJ-20500,65,7/17/2022,Evening
83,JK-15640,19,11/13/2022,Evening
84,DK-13150,78,3/3/2023,Midnight
85,RM-19675,49,8/19/2022,Night
86,SK-19990,44,3/9/2023,Morning
87,FM-14290,27,5/29/2022,Night
88,AM-10360,23,7/7/2022,Evening
89,MP-17470,70,12/23/2022,Evening
90,MZ-17515,68,10/29/2022,Night
91,CB-12025,107,3/22/2023,Evening
92,VM-21685,146,5/13/2022,Afternoon
93,FH-14365,149,7/3/2022,Midnight
94,MB-17305,7,9/14/2022,Night
95,BS-11755,44,5/12/2022,Night
96,LC-17140,115,8/22/2022,Morning
97,HK-14890,46,3/29/2023,Evening
98,LE-16810,99,12/24/2022,Morning
99,JH-15985,8,9/11/2022,Evening
100,MS-17980,2,5/8/2022,Morning
101,VW-21775,2,3/26/2023,Morning
102,JH-15910,10,3/13/2023,Morning
103,JB-15925,40,3/14/2023,Midnight
104,DS-13180,38,10/27/2022,Morning
105,VD-21670,85,1/25/2023,Evening
106,EA-14035,144,2/25/2023,Evening
107,DB-13120,44,2/7/2023,Afternoon
108,KL-16645,112,8/6/2022,Afternoon
109,DW-13480,64,8/8/2022,Afternoon
110,LH-17155,2,11/16/2022,Morning
111,KC-16540,24,9/4/2022,Midnight
112,DL-13315,58,2/24/2023,Morning
113,DR-12880,53,12/12/2022,Afternoon
114,CC-12670,32,8/14/2022,Afternoon
115,Dl-13600,102,1/12/2023,Evening
116,SB-20290,108,8/26/2022,Evening
117,RC-19825,9,3/9/2023,Evening
118,AH-10210,3,7/6/2022,Midnight
119,CB-12535,106,5/12/2022,Evening
120,CA-12310,133,7/10/2022,Evening
121,KH-16690,52,8/26/2022,Afternoon
122,BB-10990,74,4/24/2022,Night
123,AG-10495,96,6/9/2022,Evening
124,JO-15280,21,10/14/2022,Evening
125,AH-10195,38,4/10/2022,Midnight
126,NZ-18565,55,4/8/2022,Night
127,KL-16555,19,12/3/2022,Morning
128,AS-10225,30,8/7/2022,Midnight
129,CR-12625,97,10/19/2022,Morning
130,SH-20395,40,12/28/2022,Night
131,BP-11185,139,1/19/2023,Night
132,TS-21205,70,12/5/2022,Night
133,AG-10525,8,12/20/2022,Midnight
134,SP-20860,139,7/17/2022,Night
135,NM-18445,101,1/14/2023,Midnight
136,FA-14230,74,8/24/2022,Morning
137,GK-14620,98,3/19/2023,Afternoon
138,DJ-13510,149,9/1/2022,Night
139,PO-18850,31,2/26/2023,Night
140,JL-15850,12,6/12/2022,Night
141,DB-13615,109,6/15/2022,Evening
142,AC-10420,136,12/30/2022,Morning
143,CC-12550,116,9/18/2022,Afternoon
144,TD-20995,144,11/17/2022,Evening
145,AB-10060,54,10/9/2022,Morning
146,JL-15505,86,10/28/2022,Afternoon
147,VB-21745,99,5/17/2022,Evening
148,KW-16435,133,3/19/2023,Evening
149,JD-16060,44,8/9/2022,Morning
150,MK-17905,105,1/30/2023,Afternoon
151,GT-14755,75,7/10/2022,Morning
152,AG-10900,42,10/24/2022,Afternoon
153,MM-18280,147,7/21/2022,Evening
154,AR-10405,149,12/13/2022,Night
155,RA-19915,89,2/7/2023,Evening
156,AS-10285,2,3/25/2023,Midnight
157,LA-16780,111,2/24/2023,Midnight
158,DO-13435,18,5/16/2022,Midnight
159,DK-13225,146,10/3/2022,Afternoon
160,NG-18430,115,7/23/2022,Night
161,MV-18190,65,1/19/2023,Evening
162,JG-15115,132,5/7/2022,Midnight
163,BP-11095,29,1/6/2023,Midnight
164,VP-21730,5,8/10/2022,Afternoon
165,SS-20140,104,1/5/2023,Midnight
166,AG-10675,137,6/1/2022,Evening
167,LF-17185,116,2/23/2023,Morning
168,RF-19840,43,4/19/2022,Midnight
169,KH-16510,26,6/20/2022,Morning
170,KC-16675,15,2/13/2023,Afternoon
171,CJ-12010,116,3/2/2023,Midnight
172,PB-19150,82,8/27/2022,Night
173,MP-17965,47,1/20/2023,Night
174,NF-18385,132,9/3/2022,Evening
175,SD-20485,82,10/17/2022,Afternoon
176,KH-16630,8,8/4/2022,Midnight
177,RB-19795,13,7/21/2022,Morning
178,MK-18160,124,12/9/2022,Morning
179,PO-19180,60,3/3/2023,Midnight
180,BB-11545,81,12/1/2022,Afternoon
181,TB-21595,131,6/9/2022,Night
182,RB-19360,138,7/2/2022,Midnight
183,EB-13705,132,7/10/2022,Midnight
184,SC-20095,107,1/3/2023,Night
185,TN-21040,109,1/13/2023,Night
186,JS-15940,93,3/15/2023,Afternoon
187,MH-17785,37,10/11/2022,Morning
188,JP-15520,83,12/28/2022,Night
189,JE-15475,34,2/8/2023,Afternoon
190,JG-15805,121,4/26/2022,Evening
191,XP-21865,69,5/20/2022,Morning
192,EM-14065,113,10/26/2022,Night
193,MT-18070,119,2/5/2023,Midnight
194,SA-20830,10,12/15/2022,Morning
195,CW-11905,109,4/23/2022,Night
196,AJ-10960,8,6/25/2022,Evening
197,SS-20590,37,11/8/2022,Midnight
198,RO-19780,113,1/5/2023,Morning
199,MD-17350,18,2/1/2023,Morning
200,MY-17380,110,12/25/2022,Morning
201,CM-12385,130,6/30/2022,Morning
202,LS-17245,136,9/21/2022,Afternoon
203,BN-11515,37,4/11/2022,Midnight
204,DB-13210,106,10/24/2022,Evening
205,MC-17605,85,10/17/2022,Afternoon
206,BD-11605,15,7/27/2022,Night
207,PH-18790,21,2/20/2023,Evening
208,MG-18145,75,8/26/2022,Midnight
209,KB-16240,148,12/4/2022,Night
210,JC-15340,63,1/2/2023,Night
211,RL-19615,149,4/18/2022,Morning
212,AA-10375,98,5/5/2022,Morning
213,EP-13915,144,9/29/2022,Midnight
214,DK-12985,30,12/3/2022,Evening
215,BD-11500,117,12/10/2022,Morning
216,LM-17065,96,3/7/2023,Afternoon
217,AS-10135,150,3/23/2023,Morning
218,BD-11320,134,12/23/2022,Midnight
219,GT-14710,51,10/1/2022,Evening
220,AJ-10945,92,5/13/2022,Afternoon
221,OT-18730,7,3/26/2023,Evening
222,LP-17080,35,9/11/2022,Morning
223,CA-12775,110,9/21/2022,Night
224,JF-15490,94,3/23/2023,Afternoon
225,FP-14320,33,3/16/2023,Evening
226,EB-13840,88,12/12/2022,Afternoon
227,JF-15415,81,11/17/2022,Afternoon
228,SF-20200,68,11/5/2022,Night
229,TG-21640,36,12/15/2022,Evening
230,CS-11950,107,4/16/2022,Afternoon
231,CC-12145,141,4/16/2022,Night
232,DV-13465,83,4/23/2022,Night
233,BD-11725,2,7/31/2022,Morning
234,ZC-21910,133,7/27/2022,Midnight
235,MS-17830,91,11/29/2022,Afternoon
236,LR-16915,14,6/26/2022,Evening
237,TP-21130,27,11/8/2022,Midnight
238,CK-12205,90,4/26/2022,Morning
239,AS-10240,11,12/4/2022,Evening
240,AR-10510,132,12/11/2022,Morning
241,NB-18655,20,6/6/2022,Afternoon
242,GD-14590,141,12/23/2022,Midnight
243,CK-12595,72,11/12/2022,Midnight
244,NG-18355,24,11/22/2022,Midnight
245,CA-12265,80,10/3/2022,Morning
246,SF-20965,13,11/16/2022,Afternoon
247,MO-17800,124,10/3/2022,Midnight
248,AT-10735,30,4/17/2022,Midnight
249,FM-14380,67,10/26/2022,Afternoon
250,DJ-13420,11,11/15/2022,Midnight
251,ME-17725,106,12/21/2022,Afternoon
252,JD-16150,78,3/26/2023,Midnight
253,JL-15835,81,6/18/2022,Afternoon
254,SC-20305,64,10/9/2022,Afternoon
255,CC-12430,94,4/30/2022,Afternoon
256,AR-10825,49,3/16/2023,Midnight
257,SR-20740,43,1/3/2023,Midnight
258,CR-12730,71,9/6/2022,Midnight
259,EH-14125,35,11/18/2022,Morning
260,SP-20545,85,9/10/2022,Night
261,TH-21235,45,1/11/2023,Midnight
262,RP-19390,135,3/5/2023,Evening
263,RB-19570,109,6/19/2022,Evening
264,CD-11980,71,7/18/2022,Morning
265,DJ-13630,77,8/15/2022,Midnight
266,GT-14635,82,10/2/2022,Night
267,MC-17845,147,3/5/2023,Morning
268,RA-19285,36,2/5/2023,Midnight
269,NP-18325,44,12/22/2022,Midnight
270,AB-10165,105,9/7/2022,Evening
271,JO-15550,90,5/3/2022,Evening
272,JK-15370,40,7/29/2022,Night
273,BN-11470,140,8/15/2022,Midnight
274,DP-13165,45,1/4/2023,Night
275,TH-21550,49,2/4/2023,Night
276,AP-10915,5,9/30/2022,Midnight
277,RS-19765,138,12/8/2022,Midnight
278,SV-20365,59,6/19/2022,Night
279,CK-12325,131,9/14/2022,Afternoon
280,RD-19810,142,10/9/2022,Evening
281,MR-17545,22,8/9/2022,Afternoon
282,SC-20695,92,5/16/2022,Morning
283,JF-15355,34,7/2/2022,Midnight
284,EG-13900,91,1/29/2023,Afternoon
285,DS-13030,45,6/28/2022,Night
286,PO-19195,10,12/14/2022,Night
287,SS-20875,87,8/6/2022,Morning
288,PB-19105,133,8/22/2022,Night
289,RF-19735,147,11/28/2022,Midnight
290,YC-21895,82,5/3/2022,Morning
291,DC-13285,79,1/27/2023,Night
292,CP-12340,32,1/16/2023,Midnight
293,BF-11020,85,4/21/2022,Morning
294,LH-17020,112,9/23/2022,Evening
295,CS-12250,74,7/21/2022,Midnight
296,AJ-10795,64,2/6/2023,Afternoon
297,BV-11245,64,4/30/2022,Evening
298,DL-12865,102,7/19/2022,Afternoon
299,BM-11785,48,7/22/2022,Evening
300,LT-17110,105,6/27/2022,Afternoon
301,JK-15730,118,1/28/2023,Night
302,ES-14020,81,3/21/2023,Night
303,RH-19495,26,7/2/2022,Midnight
304,CD-11920,77,5/28/2022,Morning
305,HW-14935,78,3/5/2023,Morning
306,MC-18130,48,3/3/2023,Morning
307,GM-14440,63,2/13/2023,Evening
308,PJ-19015,127,12/17/2022,Evening
309,BW-11110,44,10/14/2022,Evening
310,TR-21325,115,4/25/2022,Afternoon
311,PG-18820,116,7/31/2022,Morning
312,JL-15175,138,12/28/2022,Night
313,BM-11650,65,4/19/2022,Midnight
314,EM-14095,145,2/27/2023,Morning
315,AF-10885,4,2/20/2023,Afternoon
316,GA-14725,51,11/2/2022,Morning
317,CK-12760,43,3/10/2023,Afternoon
318,DP-13105,27,12/21/2022,Midnight
319,BK-11260,95,6/30/2022,Afternoon
320,SJ-20125,135,3/18/2023,Afternoon
321,CM-12445,53,2/8/2023,Evening
322,AJ-10780,64,5/5/2022,Morning
323,LS-16945,127,12/29/2022,Morning
324,GP-14740,148,7/18/2022,Night
325,PK-18910,148,3/2/2023,Afternoon
326,SM-20005,83,5/3/2022,Evening
327,AG-10765,69,11/29/2022,Midnight
328,PM-19135,80,6/16/2022,Evening
329,LL-16840,95,1/10/2023,Afternoon
330,JS-15595,3,9/22/2022,Morning
331,EL-13735,19,8/21/2022,Evening
332,PC-18745,114,2/17/2023,Afternoon
333,HL-15040,86,10/30/2022,Afternoon
334,MS-17365,65,4/4/2022,Evening
335,GB-14530,75,10/24/2022,Night
336,JR-16210,104,9/3/2022,Midnight
337,BE-11335,27,10/15/2022,Midnight
338,SC-20050,125,5/6/2022,Morning
339,RW-19630,94,2/16/2023,Midnight
340,SE-20110,4,6/2/2022,Evening
341,AH-10075,104,3/19/2023,Evening
342,JM-15535,75,3/11/2023,Afternoon
343,JJ-15760,98,1/18/2023,Afternoon
344,RK-19300,43,5/13/2022,Night
345,CG-12040,17,5/9/2022,Night
346,RP-19270,1,1/31/2023,Morning
347,KC-16255,75,6/24/2022,Afternoon
348,KH-16360,145,9/19/2022,Midnight
349,GH-14665,39,8/17/2022,Evening
350,SW-20275,50,9/21/2022,Morning
351,JA-15970,87,7/8/2022,Night
352,DL-12925,52,5/25/2022,Night
353,LW-16990,34,5/18/2022,Midnight
354,TB-21190,35,1/16/2023,Midnight
355,BS-11800,65,3/15/2023,Midnight
356,RW-19690,67,5/26/2022,Night
357,TZ-21580,132,9/21/2022,Afternoon
358,AS-10630,100,10/27/2022,Night
359,TS-21340,72,8/27/2022,Night
360,SL-20155,102,10/6/2022,Midnight
361,MW-18235,9,6/30/2022,Night
362,RD-19585,45,12/30/2022,Morning
363,RA-19945,104,5/9/2022,Afternoon
364,MT-17815,63,10/11/2022,Night
365,VG-21790,63,7/8/2022,Night
366,JS-15880,42,11/30/2022,Afternoon
367,KM-16225,49,8/10/2022,Afternoon
368,HR-14770,70,8/31/2022,Night
369,DE-13255,96,7/3/2022,Evening
370,AG-10390,57,5/28/2022,Midnight
371,JJ-15445,85,10/18/2022,Night
372,JH-15430,139,11/19/2022,Morning
373,RD-19660,127,5/8/2022,Midnight
374,MO-17500,135,7/24/2022,Midnight
375,NS-18640,97,11/17/2022,Evening
376,DG-13300,88,12/4/2022,Midnight
377,NF-18595,124,5/20/2022,Evening
378,MG-17650,3,4/24/2022,Midnight
379,TS-21160,12,2/15/2023,Afternoon
380,BD-11620,112,10/20/2022,Afternoon
381,CM-12160,101,2/26/2023,Morning
382,SN-20560,114,8/16/2022,Night
383,EH-14005,68,5/6/2022,Morning
384,FO-14305,122,10/22/2022,Afternoon
385,MS-17710,126,4/25/2022,Morning
386,CC-12100,148,11/23/2022,Midnight
387,DW-13540,35,3/17/2023,Midnight
388,BT-11395,135,10/9/2022,Evening
389,CY-12745,10,12/22/2022,Evening
390,BT-11485,105,6/18/2022,Midnight
391,PS-19045,72,4/21/2022,Night
392,PV-18985,150,9/18/2022,Night
393,NM-18520,25,7/2/2022,Evening
394,DL-13495,105,4/3/2022,Morning
395,CS-12355,25,1/31/2023,Evening
396,FH-14275,115,10/31/2022,Morning
397,NC-18340,65,7/6/2022,Afternoon
398,AA-10315,38,1/13/2023,Evening
399,LT-16765,111,6/24/2022,Evening
400,AP-10720,63,3/4/2023,Morning
401,PM-18940,131,10/11/2022,Midnight
402,AT-10435,142,3/19/2023,Night
403,CA-12055,127,9/25/2022,Midnight
404,HR-14830,118,11/26/2022,Midnight
405,BT-11530,116,12/13/2022,Night
406,LH-16750,98,10/13/2022,Afternoon
407,SW-20755,39,1/2/2023,Evening
408,SP-20620,150,10/5/2022,Midnight
409,BF-11170,49,9/15/2022,Morning
410,KT-16480,84,11/23/2022,Afternoon
411,BG-11695,66,11/20/2022,Afternoon
412,GM-14680,137,3/9/2023,Afternoon
413,EJ-14155,1,4/3/2022,Midnight
414,NP-18700,51,1/21/2023,Night
415,MH-18115,35,12/5/2022,Evening
416,JR-15700,40,8/5/2022,Morning
417,SM-20950,130,1/16/2023,Evening
418,CC-12220,101,11/12/2022,Night
419,PF-19225,149,10/8/2022,Midnight
420,DC-12850,133,1/30/2023,Evening
421,BD-11770,81,3/24/2023,Midnight
422,GM-14500,4,8/2/2022,Evening
423,TB-21355,44,10/21/2022,Night
424,JH-16180,39,4/21/2022,Midnight
425,EB-13975,32,8/17/2022,Afternoon
426,QJ-19255,97,1/20/2023,Midnight
427,TC-21535,1,5/21/2022,Afternoon
428,CS-12460,121,12/24/2022,Afternoon
429,HG-14965,18,9/19/2022,Night
430,LW-16825,144,11/5/2022,Night
431,MC-17575,135,3/16/2023,Evening
432,LP-17095,65,3/27/2023,Afternoon
433,EB-14170,83,5/27/2022,Evening
434,GZ-14545,20,8/21/2022,Morning
435,CP-12085,4,5/8/2022,Afternoon
436,FG-14260,51,1/5/2023,Midnight
437,LD-17005,129,8/31/2022,Morning
438,AB-10255,147,6/20/2022,Morning
439,MN-17935,92,9/30/2022,Afternoon
440,JR-15670,11,11/28/2022,Afternoon
441,JF-15190,6,11/2/2022,Midnight
442,CM-12115,91,8/22/2022,Night
443,AS-10045,118,9/5/2022,Night
444,BP-11290,139,9/28/2022,Evening
445,ND-18370,121,10/22/2022,Morning
446,LB-16735,98,8/31/2022,Night
447,KT-16465,40,1/17/2023,Afternoon
448,HM-14860,42,7/27/2022,Evening
449,AB-10600,98,9/9/2022,Afternoon
450,SZ-20035,13,5/20/2022,Morning
451,MG-17890,37,3/15/2023,Midnight
452,JK-16120,100,12/25/2022,Afternoon
453,PP-18955,67,10/20/2022,Midnight
454,YS-21880,63,3/7/2023,Evening
455,KM-16375,15,3/1/2023,Midnight
456,AB-10105,3,12/31/2022,Night
457,HA-14905,122,10/16/2022,Evening
458,BT-11305,71,9/12/2022,Midnight
459,SV-20815,136,6/8/2022,Night
460,RW-19540,47,11/20/2022,Morning
461,DK-12835,30,7/22/2022,Midnight
462,ST-20530,48,4/24/2022,Morning
463,MM-17920,47,6/11/2022,Midnight
464,PW-19030,25,10/18/2022,Morning
465,SC-20440,20,1/15/2023,Evening
466,TS-21085,94,1/11/2023,Evening
467,MC-17425,67,10/17/2022,Morning
468,ME-17320,69,9/8/2022,Evening
469,NH-18610,88,5/15/2022,Morning
470,MB-18085,36,9/29/2022,Morning
471,KD-16495,79,2/13/2023,Afternoon
472,KN-16390,103,1/11/2023,Midnight
473,NP-18685,2,9/4/2022,Evening
474,CS-12505,41,8/28/2022,Night
475,MS-17770,63,2/24/2023,Night
476,CM-12655,94,2/2/2023,Morning
477,Co-12640,137,2/13/2023,Midnight
478,TS-21370,75,12/27/2022,Afternoon
479,JW-15220,89,2/13/2023,Afternoon
480,JD-15790,148,10/2/2022,Evening
481,PC-19000,149,10/29/2022,Evening
482,AR-10540,124,1/31/2023,Afternoon
483,AI-10855,70,4/27/2022,Morning
484,TB-21400,38,3/21/2023,Afternoon
485,PL-18925,49,2/26/2023,Midnight
486,GH-14425,134,2/14/2023,Midnight
487,MP-18175,49,5/27/2022,Midnight
488,JM-15655,95,9/21/2022,Midnight
489,CL-11890,90,2/3/2023,Evening
490,DB-13270,65,12/26/2022,Morning
491,IG-15085,66,5/31/2022,Midnight
492,BO-11425,22,7/11/2022,Afternoon
493,AB-10150,106,10/2/2022,Morning
494,JW-16075,87,1/14/2023,Night
495,EB-13750,70,10/20/2022,Midnight
496,SG-20470,105,11/7/2022,Night
497,CM-12190,85,1/25/2023,Midnight
498,AW-10840,118,6/16/2022,Midnight
499,MC-18100,9,7/27/2022,Evening
500,TT-21460,23,4/8/2022,Midnight
501,VG-21805,77,8/9/2022,Afternoon
502,MY-18295,142,1/4/2023,Night
503,RD-19480,5,11/4/2022,Morning
504,DP-13390,120,12/9/2022,Evening
505,ML-17395,90,2/12/2023,Night
506,JC-15385,30,12/26/2022,Midnight
507,JG-15160,68,12/14/2022,Morning
508,MC-17275,77,12/10/2022,Night
509,NW-18400,122,10/26/2022,Evening
510,TB-21280,82,4/4/2022,Afternoon
511,BS-11380,121,8/2/2022,Night
512,HH-15010,41,1/11/2023,Afternoon
513,CD-12280,146,7/16/2022,Night
514,TH-21100,93,8/24/2022,Evening
515,MM-18055,132,11/2/2022,Night
516,NS-18505,10,9/22/2022,Midnight
517,RB-19645,26,7/2/2022,Evening
518,SW-20455,112,12/9/2022,Morning
519,EB-13930,44,11/25/2022,Morning
520,PS-18760,23,4/3/2022,Night
521,HF-14995,78,1/27/2023,Morning
522,HZ-14950,68,12/29/2022,Midnight
523,CD-12790,22,11/3/2022,Afternoon
524,JK-15205,51,5/1/2022,Afternoon
525,FM-14215,50,5/4/2022,Midnight
526,ED-13885,64,7/4/2022,Evening
527,DA-13450,145,1/6/2023,Afternoon
528,JW-15955,45,7/1/2022,Midnight
529,RM-19375,139,5/15/2022,Afternoon
530,ML-17755,134,7/27/2022,Night
531,CC-12685,124,10/4/2022,Night
532,JE-15610,102,3/27/2023,Midnight
533,RP-19855,2,2/5/2023,Night
534,TB-21175,82,5/16/2022,Night
535,BE-11455,85,9/5/2022,Midnight
536,JF-15565,25,3/1/2023,Evening
537,PB-19210,37,1/25/2023,Evening
538,BT-11680,107,6/5/2022,Morning
539,JL-15235,43,9/7/2022,Evening
540,CH-12070,138,5/27/2022,Afternoon
541,ND-18460,20,7/30/2022,Night
542,BF-10975,75,8/4/2022,Evening
543,KH-16330,61,4/10/2022,Evening
544,GW-14605,127,12/14/2022,Morning
545,NC-18625,43,1/1/2023,Midnight
546,ME-18010,58,7/9/2022,Midnight
547,BP-11230,91,5/14/2022,Morning
548,JC-15775,113,3/29/2023,Afternoon
549,AS-10090,81,4/15/2022,Afternoon
550,AC-10450,87,11/15/2022,Afternoon
551,MD-17860,119,7/30/2022,Evening
552,DB-13660,81,9/12/2022,Midnight
553,EH-13990,66,11/11/2022,Evening
554,EH-13765,21,3/9/2023,Afternoon
555,SC-20230,4,4/16/2022,Evening
556,JE-15715,52,2/27/2023,Night
557,AC-10615,88,6/30/2022,Evening
558,JD-16015,95,10/1/2022,Morning
559,CB-12415,2,8/31/2022,Night
560,JS-16030,102,12/10/2022,Evening
561,LW-17215,6,6/13/2022,Midnight
562,SC-20800,18,8/9/2022,Afternoon
563,AM-10705,136,10/13/2022,Evening
564,RH-19510,33,9/27/2022,Morning
565,CT-11995,56,9/27/2022,Evening
566,MC-17590,79,7/19/2022,Evening
567,CC-12610,101,10/16/2022,Afternoon
568,KA-16525,2,12/29/2022,Afternoon
569,TC-20980,139,1/2/2023,Midnight
570,BF-11080,28,9/15/2022,Morning
571,MM-17260,126,11/28/2022,Evening
572,AH-10120,148,4/2/2022,Afternoon
573,BW-11200,120,9/7/2022,Afternoon
574,SW-20245,22,10/22/2022,Night
575,BS-11665,39,12/24/2022,Midnight
576,RF-19345,19,3/23/2023,Afternoon
577,WB-21850,135,9/6/2022,Evening
578,TB-21625,121,6/30/2022,Night
579,AF-10870,72,4/27/2022,Evening
580,RB-19435,127,7/1/2022,Night
581,KF-16285,111,4/23/2022,Afternoon
582,JH-15820,126,5/12/2022,Morning
583,IL-15100,124,5/31/2022,Night
584,PB-18805,44,12/4/2022,Morning
585,RH-19600,63,3/5/2023,Morning
586,AW-10930,67,5/22/2022,Night
587,ML-17410,31,4/9/2022,Night
588,DB-13555,76,6/16/2022,Morning
589,MH-17620,68,8/25/2022,Night
590,DK-13375,19,3/27/2023,Midnight
591,BT-11440,88,10/1/2022,Morning
592,DB-13405,72,12/4/2022,Morning
593,TG-21310,23,2/16/2023,Evening
594,BF-11005,19,1/20/2023,Morning
595,JM-16195,65,2/22/2023,Afternoon
596,MZ-17335,88,4/26/2022,Night
597,MW-18220,138,11/30/2022,Midnight
598,MV-17485,111,8/2/2022,Afternoon
599,SM-20320,23,10/3/2022,Morning
600,TP-21415,1,12/24/2022,Morning
601,JK-15625,126,11/1/2022,Morning
602,PJ-18835,90,8/27/2022,Night
603,RS-19420,37,8/31/2022,Afternoon
604,SV-20935,84,9/8/2022,Night
605,BC-11125,130,4/4/2022,Afternoon
606,EM-13825,48,4/9/2022,Night
607,BM-11575,67,12/15/2022,Afternoon
608,KN-16705,12,2/28/2023,Midnight
609,KW-16570,81,2/7/2023,Midnight
610,SC-20260,48,5/8/2022,Evening
611,CV-12295,116,6/25/2022,Morning
612,SG-20605,117,2/6/2023,Midnight
613,TM-21010,150,6/10/2022,Night
614,EM-13810,118,12/19/2022,Morning
615,ML-18040,141,8/14/2022,Morning
616,CR-12580,129,7/15/2022,Midnight
617,AZ-10750,99,6/28/2022,Night
618,PW-19240,109,4/8/2022,Evening
619,SC-20380,100,9/9/2022,Morning
620,CM-11935,79,9/14/2022,Evening
621,GM-14695,31,2/13/2023,Evening
622,TB-21250,75,12/14/2022,Afternoon
623,JM-15865,85,4/2/2022,Midnight
624,SC-20575,116,3/8/2023,Morning
625,LS-17200,135,6/17/2022,Morning
626,RR-19315,4,2/1/2023,Night
627,DB-12910,139,6/22/2022,Afternoon
628,TT-21220,51,5/2/2022,Night
629,LO-17170,111,1/20/2023,Evening
630,KD-16615,43,5/27/2022,Morning
631,NB-18580,39,7/1/2022,Evening
632,BD-11635,142,10/28/2022,Night
633,CM-12235,120,5/24/2022,Evening
634,EN-13780,66,7/26/2022,Afternoon
635,KN-16450,127,2/6/2023,Night
636,BO-11350,37,4/26/2022,Morning
637,AG-10300,87,5/14/2022,Midnight
638,MC-17635,66,8/20/2022,Afternoon
639,TA-21385,46,1/26/2023,Morning
640,JF-15295,132,1/4/2023,Night
641,TT-21265,65,2/9/2023,Afternoon
642,SB-20170,59,5/9/2022,Morning
643,CL-12700,126,10/20/2022,Afternoon
644,HG-15025,77,2/3/2023,Evening
645,NL-18310,54,7/26/2022,Night
646,RR-19525,118,8/30/2022,Afternoon
647,TC-21295,50,6/5/2022,Afternoon
648,SV-20785,140,5/27/2022,Night
649,BE-11410,146,11/5/2022,Midnight
650,SC-20680,84,4/7/2022,Morning
651,DF-13135,101,7/11/2022,Midnight
652,FH-14350,115,5/21/2022,Afternoon
653,MS-17530,117,5/30/2022,Midnight
654,RH-19555,45,3/4/2023,Morning
655,GA-14515,117,6/30/2022,Morning
656,JP-16135,114,11/28/2022,Midnight
657,Dp-13240,32,1/10/2023,Midnight
658,MO-17950,48,10/10/2022,Afternoon
659,DL-13330,61,1/21/2023,Afternoon
660,MH-18025,110,7/25/2022,Night
661,DR-12940,118,10/11/2022,Midnight
662,DM-13015,134,2/15/2023,Afternoon
663,CA-11965,150,2/5/2023,Night
664,AC-10660,44,10/31/2022,Morning
665,DM-13345,19,5/6/2022,Evening
666,VF-21715,101,1/25/2023,Evening
667,CC-12370,70,9/28/2022,Evening
668,BF-11275,5,5/11/2022,Morning
669,HG-14845,85,3/18/2023,Evening
670,BP-11155,66,7/5/2022,Night
671,EM-14140,108,10/9/2022,Afternoon
672,MA-17995,76,11/24/2022,Evening
673,AY-10555,126,9/17/2022,Midnight
674,GB-14575,99,7/17/2022,Morning
675,JB-16045,117,4/17/2022,Night
676,MG-17875,68,5/4/2022,Evening
677,SR-20425,28,5/19/2022,Morning
678,JB-16000,103,5/23/2022,Evening
679,DM-12955,26,11/2/2022,Morning
680,TC-21475,117,4/20/2022,Night
681,SW-20350,60,12/9/2022,Night
682,RE-19450,65,10/11/2022,Midnight
683,BF-11215,38,8/12/2022,Midnight
684,KB-16405,2,9/18/2022,Afternoon
685,JG-15310,44,5/20/2022,Afternoon
686,EC-14050,5,11/25/2022,Afternoon
687,EB-14110,135,12/18/2022,Midnight
688,JP-15460,97,5/14/2022,Afternoon
689,CS-11845,69,8/13/2022,Afternoon
690,GH-14410,92,10/5/2022,Night
691,PT-19090,109,4/1/2022,Evening
692,JL-15130,130,1/13/2023,Afternoon
693,AH-10030,115,11/29/2022,Midnight
694,CC-12475,64,4/22/2022,Midnight
695,DW-13195,2,8/24/2022,Midnight
696,SJ-20215,14,2/23/2023,Evening
697,BG-11740,48,5/5/2022,Midnight
698,LB-16795,98,11/26/2022,Night
699,CM-11815,145,9/9/2022,Evening
700,EH-14185,9,11/15/2022,Evening
701,TS-21505,34,7/19/2022,Evening
702,PR-18880,49,3/25/2023,Afternoon
703,LC-17050,142,11/1/2022,Afternoon
704,CS-12490,109,8/14/2022,Evening
705,DH-13075,70,10/7/2022,Evening
706,JO-15145,39,2/5/2023,Night
707,AH-10690,78,12/16/2022,Night
708,HJ-14875,38,3/15/2023,Midnight
709,MH-17455,20,2/22/2023,Morning
710,RD-19930,89,3/15/2023,Night
711,SC-20020,143,10/30/2022,Afternoon
712,SU-20665,77,12/17/2022,Midnight
713,FC-14335,147,12/2/2022,Morning
714,RB-19330,73,12/14/2022,Afternoon
715,NC-18535,50,4/12/2022,Morning
716,DB-12970,88,12/3/2022,Midnight
717,MF-17665,13,10/11/2022,Evening
718,RM-19750,42,12/28/2022,Afternoon
719,VM-21835,135,5/9/2022,Midnight
720,EJ-13720,76,5/10/2022,Morning
721,NC-18415,143,8/13/2022,Afternoon
722,LS-17230,60,9/14/2022,Midnight
723,KE-16420,70,2/16/2023,Evening
724,DH-13675,21,6/27/2022,Night
725,PF-19120,98,7/4/2022,Afternoon
726,VT-21700,144,9/11/2022,Morning
727,MG-17695,63,8/25/2022,Midnight
728,SP-20920,28,8/3/2022,Midnight
729,CS-12175,119,11/24/2022,Night
730,DK-12895,5,6/28/2022,Afternoon
731,KM-16660,83,3/9/2023,Afternoon
732,AA-10645,143,6/13/2022,Midnight
733,DD-13570,128,2/3/2023,Evening
734,AH-10465,75,10/7/2022,Evening
735,TP-21565,107,8/10/2022,Morning
736,EK-13795,13,9/25/2022,Afternoon
737,CR-12820,102,9/20/2022,Night
738,SG-20890,18,3/1/2023,Morning
739,AH-10585,142,6/6/2022,Night
740,NF-18475,128,7/30/2022,Midnight
741,BS-11365,106,7/16/2022,Afternoon
742,SH-20635,126,11/18/2022,Night
743,RD-19720,33,11/9/2022,Morning
744,AG-10330,87,6/25/2022,Morning
745,GR-14560,134,9/11/2022,Evening
746,VS-21820,141,8/5/2022,Midnight
747,TM-21490,126,1/14/2023,Midnight
748,TS-21430,104,9/20/2022,Night
749,DB-13360,54,8/31/2022,Morning
750,NR-18550,10,2/1/2023,Evening
751,CS-11860,113,9/16/2022,Afternoon
752,MF-18250,74,6/4/2022,Morning
753,LW-17125,147,6/26/2022,Midnight
754,AR-10345,87,12/29/2022,Evening
755,KS-16300,68,1/2/2023,Night
756,AB-10015,24,10/21/2022,Morning
757,LR-17035,98,12/25/2022,Morning
758,SS-20410,40,9/25/2022,Evening
759,JM-15580,34,12/25/2022,Midnight
760,JK-15325,120,11/14/2022,Evening
761,DM-13525,44,11/12/2022,Midnight
762,ML-18265,93,4/9/2022,Midnight
763,MH-17290,28,7/4/2022,Night
764,FC-14245,145,2/14/2023,Night
765,TH-21115,8,6/15/2022,Night
766,JK-16090,77,6/19/2022,Morning
767,SB-20185,76,2/26/2023,Afternoon
768,BG-11035,134,1/12/2023,Afternoon
769,BW-11065,4,6/7/2022,Morning
770,MG-18205,51,2/22/2023,Morning
771,DO-13645,24,8/15/2022,Midnight
772,BP-11050,89,3/20/2023,Evening
773,TS-21655,27,8/14/2022,Afternoon
774,EM-14200,51,3/15/2023,Night
775,AO-10810,79,3/27/2023,Night
776,MH-17440,76,2/7/2023,Midnight
777,SS-20515,97,10/23/2022,Morning
778,LD-16855,71,6/11/2022,Evening
779,VP-21760,50,1/16/2023,Night
780,TC-21145,56,11/27/2022,Afternoon
781,IM-15055,133,5/27/2022,Midnight
782,AR-10570,32,12/16/2022,Night
783,CM-12715,47,4/29/2022,Morning
784,FW-14395,33,7/9/2022,Morning
785,LC-16960,125,12/7/2022,Afternoon
786,HE-14800,34,3/13/2023,Night
787,BD-11560,20,3/25/2023,Afternoon
788,HD-14785,91,8/13/2022,Afternoon
789,CJ-11875,56,8/3/2022,Morning
790,RS-19870,21,7/20/2022,Evening
791,SC-20845,36,4/7/2022,Midnight
792,RE-19405,52,2/25/2023,Morning
793,SM-20905,6,8/30/2022,Night
794,DD-13570,117,10/2/2022,Afternoon
795,AH-10465,130,1/10/2023,Evening
796,TP-21565,35,6/25/2022,Night
797,EK-13795,109,11/26/2022,Night
798,CR-12820,141,5/22/2022,Night
799,SG-20890,139,1/11/2023,Night
800,AH-10585,53,11/6/2022,Night
801,NF-18475,60,4/28/2022,Evening
802,BS-11365,100,1/23/2023,Afternoon
803,SH-20635,107,8/27/2022,Night
804,RD-19720,51,10/11/2022,Night
805,AG-10330,79,5/8/2022,Afternoon
806,GR-14560,12,5/23/2022,Evening
807,VS-21820,12,6/13/2022,Midnight
808,TM-21490,137,9/21/2022,Morning
809,TS-21430,90,12/12/2022,Evening
810,DB-13360,124,12/27/2022,Morning
811,NR-18550,145,3/2/2023,Afternoon
812,CS-11860,138,8/8/2022,Afternoon
813,MF-18250,49,10/13/2022,Afternoon
814,LW-17125,112,10/5/2022,Midnight
815,AR-10345,33,4/20/2022,Afternoon
816,KS-16300,35,1/11/2023,Morning
817,AB-10015,76,5/21/2022,Evening
818,LR-17035,55,2/28/2023,Night
819,SS-20410,19,10/12/2022,Evening
820,JM-15580,59,2/24/2023,Midnight
821,JK-15325,121,7/24/2022,Midnight
822,DM-13525,41,6/17/2022,Morning
823,ML-18265,43,2/13/2023,Midnight
824,MH-17290,99,1/18/2023,Evening
825,FC-14245,120,10/30/2022,Morning
826,TH-21115,136,12/2/2022,Night
827,JK-16090,8,1/6/2023,Midnight
828,SB-20185,87,8/18/2022,Evening
829,BG-11035,133,9/19/2022,Night
830,BW-11065,137,11/28/2022,Night
831,MG-18205,149,8/1/2022,Morning
832,DO-13645,42,6/6/2022,Morning
833,BP-11050,80,9/1/2022,Evening
834,TS-21655,114,5/25/2022,Evening
835,EM-14200,14,9/27/2022,Afternoon
836,AO-10810,104,8/31/2022,Midnight
837,MH-17440,64,5/19/2022,Midnight
838,SS-20515,119,7/31/2022,Morning
839,LD-16855,83,5/8/2022,Afternoon
840,VP-21760,44,2/18/2023,Midnight
841,TC-21145,107,2/3/2023,Night
842,IM-15055,95,5/25/2022,Evening
843,AR-10570,19,7/4/2022,Morning
844,CM-12715,89,5/4/2022,Morning
845,FW-14395,65,7/1/2022,Evening
846,LC-16960,93,4/20/2022,Afternoon
847,HE-14800,108,8/14/2022,Midnight
848,BD-11560,139,11/10/2022,Night
849,HD-14785,36,11/3/2022,Night
850,CJ-11875,137,8/20/2022,Afternoon
851,RS-19870,60,1/28/2023,Night
852,SC-20845,97,5/5/2022,Night
853,RE-19405,111,2/17/2023,Midnight
854,SM-20905,96,10/14/2022,Night
855,LT-16765,45,10/23/2022,Evening
856,AP-10720,53,5/4/2022,Night
857,PM-18940,16,11/8/2022,Evening
858,AT-10435,75,11/22/2022,Evening
859,CA-12055,48,10/8/2022,Midnight
860,HR-14830,48,7/16/2022,Night
861,BT-11530,95,1/24/2023,Night
862,LH-16750,43,3/10/2023,Night
863,SW-20755,30,9/8/2022,Night
864,SP-20620,23,8/20/2022,Morning
865,BF-11170,92,1/23/2023,Night
866,KT-16480,70,8/13/2022,Midnight
867,BG-11695,23,1/26/2023,Midnight
868,GM-14680,67,8/17/2022,Evening
869,EJ-14155,24,6/26/2022,Midnight
870,NP-18700,35,10/31/2022,Afternoon
871,MH-18115,149,12/7/2022,Evening
872,JR-15700,119,7/14/2022,Afternoon
873,SM-20950,46,5/9/2022,Night
874,CC-12220,82,5/9/2022,Midnight
875,PF-19225,26,8/5/2022,Evening
876,DC-12850,2,6/10/2022,Evening
877,BD-11770,3,10/27/2022,Afternoon
878,GM-14500,150,8/12/2022,Evening
879,TB-21355,74,11/6/2022,Evening
880,JH-16180,138,6/25/2022,Morning
881,EB-13975,83,5/25/2022,Midnight
882,QJ-19255,149,4/23/2022,Morning
883,TC-21535,21,8/24/2022,Midnight
884,CS-12460,11,3/1/2023,Night
885,HG-14965,18,10/16/2022,Evening
886,LW-16825,59,7/21/2022,Night
887,MC-17575,103,10/24/2022,Morning
888,LP-17095,13,9/5/2022,Evening
889,EB-14170,33,4/12/2022,Midnight
890,GZ-14545,33,3/3/2023,Morning
891,CP-12085,104,12/27/2022,Midnight
892,FG-14260,3,7/14/2022,Evening
893,LD-17005,61,7/13/2022,Afternoon
894,AB-10255,138,3/19/2023,Morning
895,MN-17935,80,1/3/2023,Afternoon
896,JR-15670,126,10/30/2022,Night
897,JF-15190,135,8/22/2022,Morning
898,CM-12115,139,3/2/2023,Afternoon
899,AS-10045,53,1/24/2023,Midnight
900,BP-11290,90,12/7/2022,Afternoon
901,ND-18370,87,12/24/2022,Morning
902,LB-16735,129,11/23/2022,Afternoon
903,KT-16465,75,1/1/2023,Night
904,HM-14860,109,3/12/2023,Midnight
905,AB-10600,30,12/13/2022,Midnight
906,SZ-20035,111,4/4/2022,Afternoon
907,MG-17890,103,10/19/2022,Midnight
908,JK-16120,24,3/6/2023,Night
909,PP-18955,92,2/21/2023,Morning
910,YS-21880,142,10/9/2022,Afternoon
911,KM-16375,19,4/9/2022,Evening
912,AB-10105,111,9/17/2022,Evening
913,HA-14905,140,2/15/2023,Evening
914,BT-11305,40,3/1/2023,Night
915,SV-20815,82,10/7/2022,Afternoon
916,RW-19540,123,11/17/2022,Afternoon
917,DK-12835,54,5/15/2022,Evening
918,ST-20530,83,11/12/2022,Evening
919,MM-17920,136,1/3/2023,Evening
920,PW-19030,82,7/12/2022,Evening
921,SC-20440,138,9/21/2022,Midnight
922,TS-21085,42,6/13/2022,Evening
923,MC-17425,80,5/30/2022,Morning
924,ME-17320,26,12/17/2022,Afternoon
925,NH-18610,8,4/10/2022,Afternoon
926,MB-18085,100,2/27/2023,Afternoon
927,KD-16495,38,12/2/2022,Evening
928,KN-16390,145,4/7/2022,Evening
929,NP-18685,122,6/6/2022,Night
930,CS-12505,102,11/27/2022,Night
931,MS-17770,53,6/26/2022,Afternoon
932,CM-12655,124,10/18/2022,Afternoon
933,Co-12640,4,1/21/2023,Afternoon
934,TS-21370,57,9/19/2022,Afternoon
935,JW-15220,134,2/17/2023,Midnight
936,JD-15790,128,8/10/2022,Midnight
937,PC-19000,93,6/22/2022,Night
938,AR-10540,92,8/10/2022,Evening
939,AI-10855,26,2/19/2023,Midnight
940,TB-21400,72,2/7/2023,Midnight
941,PL-18925,60,2/10/2023,Morning
942,GH-14425,118,7/20/2022,Night
943,MP-18175,141,6/30/2022,Night
944,JM-15655,80,5/12/2022,Midnight
945,CL-11890,50,5/15/2022,Afternoon
946,DB-13270,135,2/21/2023,Midnight
947,IG-15085,56,8/16/2022,Night
948,BO-11425,34,1/16/2023,Evening
949,AB-10150,142,1/7/2023,Evening
950,JW-16075,23,9/25/2022,Evening
951,EB-13750,120,11/11/2022,Afternoon
952,SG-20470,124,9/24/2022,Evening
953,CM-12190,99,11/10/2022,Afternoon
954,AW-10840,59,1/31/2023,Midnight
955,MC-18100,24,1/27/2023,Afternoon
956,TT-21460,65,4/30/2022,Morning
957,VG-21805,122,2/8/2023,Midnight
958,MY-18295,20,5/22/2022,Night
959,RD-19480,71,11/28/2022,Midnight
960,DP-13390,50,8/12/2022,Evening
961,ML-17395,16,3/14/2023,Night
962,JC-15385,83,5/18/2022,Afternoon
963,JG-15160,71,10/5/2022,Morning
964,MC-17275,65,5/7/2022,Evening
965,NW-18400,108,10/8/2022,Night
966,IM-15070,105,3/19/2023,Morning
967,HP-14815,109,6/29/2022,Afternoon
968,PK-19075,84,8/9/2022,Morning
969,AG-10270,96,11/6/2022,Morning
970,ZD-21925,74,11/21/2022,Afternoon
971,KB-16585,37,10/2/2022,Morning
972,SF-20065,124,3/11/2023,Afternoon
973,EB-13870,26,6/7/2022,Morning
974,EH-13945,78,1/28/2023,Afternoon
975,TB-21520,54,1/15/2023,Midnight
976,MA-17560,107,4/17/2022,Morning
977,GH-14485,50,1/5/2023,Evening
978,SN-20710,61,10/8/2022,Night
979,LC-16930,124,5/21/2022,Midnight
980,RA-19885,50,6/20/2022,Morning
981,ES-14080,76,1/22/2023,Midnight
982,ON-18715,113,3/30/2023,Night
983,PO-18865,36,3/17/2023,Night
984,LH-16900,116,1/7/2023,Afternoon
985,DP-13000,14,6/14/2022,Afternoon
986,JM-15265,9,4/30/2022,Night
987,TB-21055,98,1/4/2023,Evening
988,KM-16720,103,1/3/2023,Night
989,PS-18970,77,10/11/2022,Afternoon
990,BS-11590,11,11/24/2022,Morning
991,KD-16270,91,1/18/2023,Night
992,HM-14980,63,10/21/2022,Morning
993,JE-15745,14,7/17/2022,Night
994,IM-15070,115,11/1/2022,Evening
995,HP-14815,134,6/18/2022,Night
996,PK-19075,86,3/19/2023,Evening
997,AG-10270,67,9/20/2022,Evening
998,ZD-21925,45,1/26/2023,Evening
999,KB-16585,40,8/27/2022,Afternoon
1000,SF-20065,101,5/29/2022,Midnight